feature_configuration,model,r_bin_id,r_bin,r_bin_total_n,r_bin_invalid_err_r_n,uncertainty_tertile_id,uncertainty_tertile,n,r_min,r_max,r_median,err_r_min,err_r_max,err_r_median,snr_r_median,galaxy_n,star_n,qso_n,accuracy,macro_f1,mcc,auc_macro_ovr,recall_galaxy,recall_star,recall_qso,accuracy_ci95_low,accuracy_ci95_high,macro_f1_ci95_low,macro_f1_ci95_high,mcc_ci95_low,mcc_ci95_high,recall_galaxy_ci95_low,recall_galaxy_ci95_high,recall_star_ci95_low,recall_star_ci95_high,recall_qso_ci95_low,recall_qso_ci95_high
F4,Random Forest,1,Q1,6000,0,1,Low,2000,11.11982,17.16434,16.058464999999998,0.0005699427,0.004588741,0.0039708899999999995,273.42389643335764,604,1373,23,0.971,0.8134351133662666,0.9337971223931159,0.9853149433282349,0.9701986754966887,0.9810633648943918,0.391304347826087,0.9645,0.9775,0.7398263870786859,0.8727678411116288,0.918613523342195,0.9486362193119693,0.9552980132450332,0.9834437086092715,0.9737800436999272,0.98761835396941,0.21739130434782608,0.5652173913043478
F7,LightGBM,1,Q1,6000,0,1,Low,2000,11.11982,17.16434,16.058464999999998,0.0005699427,0.004588741,0.0039708899999999995,273.42389643335764,604,1373,23,0.991,0.8706499845922555,0.9793872576628956,0.9953952854199946,0.9917218543046358,0.9992716678805535,0.4782608695652174,0.9875,0.994,0.7975909357019032,0.9260575232988134,0.9713583507578909,0.9863183679293874,0.9834437086092715,0.9983443708609272,0.9978150036416606,1.0,0.2608695652173913,0.6956521739130435
F4,Random Forest,1,Q1,6000,0,2,Medium,2000,13.84018,17.73435,17.034765,0.004588875,0.005732748,0.005116477,212.20386872627384,537,1415,48,0.9735,0.9413445241970683,0.9387060312277936,0.9968521965780494,0.9776536312849162,0.9773851590106007,0.8125,0.9665,0.9805,0.9124128506933383,0.9642540586179378,0.9229956880357776,0.9547038611748372,0.9646182495344506,0.9888268156424581,0.9696113074204947,0.9851590106007068,0.6875,0.9166666666666666
F7,LightGBM,1,Q1,6000,0,2,Medium,2000,13.84018,17.73435,17.034765,0.004588875,0.005732748,0.005116477,212.20386872627384,537,1415,48,0.996,0.9685407759941921,0.9906265971689133,0.9992302219558279,0.9962756052141527,1.0,0.875,0.993,0.9985,0.9438271604938272,0.9885434516523867,0.9835999009701557,0.996484939738356,0.9906890130353817,1.0,1.0,1.0,0.7708333333333334,0.9583333333333334
F4,Random Forest,1,Q1,6000,0,3,High,2000,14.17929,17.74692,17.491390000000003,0.005733679,0.05102377,0.0066567,163.10428603014162,1479,471,50,0.959,0.8821925372204524,0.8982829217903593,0.9776905319852226,0.9655172413793104,0.9723991507430998,0.64,0.95,0.9675,0.8435318710778813,0.9151079408025935,0.8765977421689557,0.9184806401584552,0.9560513860716701,0.9749830966869506,0.9554140127388535,0.9851910828025475,0.5,0.7604999999999973
F7,LightGBM,1,Q1,6000,0,3,High,2000,14.17929,17.74692,17.491390000000003,0.005733679,0.05102377,0.0066567,163.10428603014162,1479,471,50,0.993,0.9504540833072248,0.9823112201337627,0.9959383884380174,0.9979716024340771,1.0,0.78,0.9895,0.996,0.9202258009759857,0.9741848221004471,0.973421359154736,0.9899192674307722,0.9952670723461798,1.0,1.0,1.0,0.66,0.9
F4,Random Forest,2,Q2,6000,0,1,Low,2000,17.74722,18.71277,18.101045,0.005777257,0.00883723,0.007410118,146.52077133622322,251,1436,313,0.961,0.9393079856132486,0.9131583448367371,0.9936522171775884,0.9243027888446215,0.9714484679665738,0.9424920127795527,0.9524875,0.9695,0.9257498393418945,0.9525811312142105,0.8936635404652058,0.9320139709552558,0.8924302788844621,0.9561752988047809,0.9623955431754875,0.9798050139275766,0.9137380191693291,0.9680511182108626
F7,LightGBM,2,Q2,6000,0,1,Low,2000,17.74722,18.71277,18.101045,0.005777257,0.00883723,0.007410118,146.52077133622322,251,1436,313,0.9965,0.9920232451796719,0.9921196359993878,0.9995684530701062,0.9800796812749004,1.0,0.9936102236421726,0.9935,0.999,0.9855614875708432,0.9976051435535,0.9853794894087415,0.9977489315866543,0.9601593625498008,0.9960159362549801,1.0,1.0,0.9840255591054313,1.0
F4,Random Forest,2,Q2,6000,0,2,Medium,2000,17.75027,19.3312,18.798505,0.008837261,0.0119752,0.01038852,104.51307863793434,373,1000,627,0.953,0.9481777777777779,0.9238544113197604,0.9942295739125177,0.938337801608579,0.964,0.9441786283891547,0.9435,0.9625,0.9374732535946029,0.9586348435498776,0.9086769476808598,0.9391114274422531,0.9115281501340483,0.9597855227882037,0.952,0.975,0.9266347687400319,0.9617224880382775
F7,LightGBM,2,Q2,6000,0,2,Medium,2000,17.75027,19.3312,18.798505,0.008837261,0.0119752,0.01038852,104.51307863793434,373,1000,627,0.9945,0.9922445404044997,0.9910837841594072,0.9997250244278653,0.9812332439678284,1.0,0.9936204146730463,0.991,0.9975,0.9873037295203045,0.9965286871327748,0.9854122344054475,0.9959501429048048,0.9651474530831099,0.9946380697050938,1.0,1.0,0.9872408293460925,0.9984051036682615
F4,Random Forest,2,Q2,6000,0,3,High,2000,17.74837,19.37434,19.124065,0.01197914,0.1278689,0.01441509,75.31942771008241,1114,432,454,0.929,0.9210977837892672,0.8834642909976623,0.9874838402136016,0.9228007181328546,0.9467592592592593,0.9273127753303965,0.9175,0.9395,0.9085308133692284,0.933004625657494,0.8650111962690964,0.9005215991777394,0.9066427289048474,0.9371858168761219,0.9259259259259259,0.9652777777777778,0.9030837004405287,0.949394273127753
F7,LightGBM,2,Q2,6000,0,3,High,2000,17.74837,19.37434,19.124065,0.01197914,0.1278689,0.01441509,75.31942771008241,1114,432,454,0.9915,0.9911635455146524,0.9856322291737313,0.9982447091408845,0.9964093357271095,1.0,0.9713656387665198,0.987,0.9955,0.9864583333333333,0.9953218770371689,0.9780608123869249,0.9923908302882122,0.992818671454219,0.9991023339317774,1.0,1.0,0.9537444933920705,0.9845814977973568
F4,Random Forest,3,Q3,6000,0,1,Low,2000,19.3744,20.23294,19.681165,0.01237654,0.02051679,0.01721983,63.05150584731641,57,786,1157,0.9165,0.8090033635931227,0.8396014010781275,0.9762306230057062,0.7192982456140351,0.9071246819338422,0.9325842696629213,0.9045,0.9285,0.7761668864053762,0.8383661986491135,0.8174230554193728,0.8618910807010585,0.5964912280701754,0.8245614035087719,0.8867684478371501,0.926208651399491,0.9178910976663786,0.9464131374243734
F7,LightGBM,3,Q3,6000,0,1,Low,2000,19.3744,20.23294,19.681165,0.01237654,0.02051679,0.01721983,63.05150584731641,57,786,1157,0.995,0.9707779703446947,0.9902516634179859,0.9998461722088073,0.9649122807017544,1.0,0.993085566119274,0.9915,0.998,0.9529072694880784,0.987929045857694,0.9835559814792102,0.9960857692655191,0.9122807017543859,1.0,1.0,1.0,0.9878997407087294,0.9974070872947277
F4,Random Forest,3,Q3,6000,0,2,Medium,2000,19.37712,20.38868,20.10869,0.0205203,0.02838441,0.023875704999999997,45.474519372014484,298,539,1163,0.881,0.8602632748140989,0.7918846091751175,0.9735335286272084,0.889261744966443,0.7977736549165121,0.9174548581255374,0.867,0.8945,0.8429731077211394,0.8770906305870281,0.7677104135719102,0.815465039777291,0.8523489932885906,0.9261744966442953,0.764378478664193,0.8293135435992579,0.9019776440240757,0.9320722269991402
F7,LightGBM,3,Q3,6000,0,2,Medium,2000,19.37712,20.38868,20.10869,0.0205203,0.02838441,0.023875704999999997,45.474519372014484,298,539,1163,0.99,0.9861540736023291,0.9825164931113048,0.9997410933642389,0.9865771812080537,1.0,0.9862424763542562,0.9855,0.994,0.9801390114506904,0.9916722242172403,0.9748485177880774,0.9895091249728468,0.9731543624161074,0.9966442953020134,1.0,1.0,0.9793637145313844,0.9922613929492692
F4,Random Forest,3,Q3,6000,0,3,High,2000,19.37711,20.38865,20.169995,0.02840616,0.6551157,0.038895415,27.91424658732774,1479,226,295,0.8785,0.783610882458972,0.706137623869594,0.9376118934473873,0.940500338066261,0.6460176991150443,0.7457627118644068,0.8645,0.891,0.7577501178228182,0.8071897391139855,0.6726649615560285,0.7368914745987971,0.9283299526707235,0.9519945909398242,0.584070796460177,0.7079646017699115,0.6948305084745763,0.7932203389830509
F7,LightGBM,3,Q3,6000,0,3,High,2000,19.37711,20.38865,20.169995,0.02840616,0.6551157,0.038895415,27.91424658732774,1479,226,295,0.9675,0.9535854915918737,0.9214047311680317,0.9878070384544045,0.9905341446923597,1.0,0.8271186440677966,0.9595,0.975,0.9419891761089584,0.9643490752061684,0.901888584823231,0.9397194674747442,0.9851250845165652,0.9952670723461798,1.0,1.0,0.7830508474576271,0.8677966101694915
F4,Random Forest,4,Q4,6000,0,1,Low,2000,20.38884,21.06916,20.589730000000003,0.02310122,0.03792383,0.032585804999999995,33.319299794263294,50,567,1383,0.85,0.6967327862147897,0.6637516571275549,0.9456853458412278,0.64,0.7054673721340388,0.9168474331164136,0.834,0.8655,0.6632476852964286,0.729063701664617,0.6290986857424682,0.6973759464879846,0.5,0.76,0.6666666666666666,0.7407407407407407,0.9023680404916847,0.9313087490961678
F7,LightGBM,4,Q4,6000,0,1,Low,2000,20.38884,21.06916,20.589730000000003,0.02310122,0.03792383,0.032585804999999995,33.319299794263294,50,567,1383,0.992,0.9504443752809766,0.9821340455764319,0.9994514408354859,0.96,1.0,0.9898770788141721,0.9875,0.9955125,0.9269383763698417,0.9714264874102729,0.9725530222232132,0.989953814344702,0.9,1.0,1.0,1.0,0.9840925524222705,0.9949385394070861
F4,Random Forest,4,Q4,6000,0,2,Medium,2000,20.38909,21.10194,20.820755,0.03792479,0.05073438,0.043394405,25.02018904789571,451,429,1120,0.8465,0.8126961073364827,0.7388431847612519,0.9446907360913572,0.9290465631929047,0.5990675990675991,0.9080357142857143,0.831,0.8615,0.7937717072389989,0.8316349321756015,0.7123004879608362,0.7644791718497522,0.9046563192904656,0.9512195121951219,0.5501165501165501,0.6456876456876457,0.8901785714285714,0.9241071428571429
F7,LightGBM,4,Q4,6000,0,2,Medium,2000,20.38909,21.10194,20.820755,0.03792479,0.05073438,0.043394405,25.02018904789571,451,429,1120,0.9855,0.9851138094829665,0.975609816038015,0.9987179570204762,0.9844789356984479,1.0,0.9803571428571428,0.98,0.9905,0.9795836612140902,0.9902091458825456,0.9665581940005333,0.9839635847256539,0.9733924611973392,0.9955654101995566,1.0,1.0,0.9723214285714286,0.9875
F4,Random Forest,4,Q4,6000,0,3,High,2000,20.38881,21.10192,20.814855,0.05073562,0.7898471,0.062435525,17.38971853163123,1468,202,330,0.8675,0.7416021677419566,0.6826142774090437,0.9178451982577777,0.9373297002724795,0.46534653465346537,0.803030303030303,0.854,0.881,0.7159321726739692,0.7677476609334878,0.6510366163773784,0.714866374941675,0.9243869209809265,0.9495912806539509,0.39603960396039606,0.5346534653465347,0.7606060606060606,0.8454545454545455
F7,LightGBM,4,Q4,6000,0,3,High,2000,20.38881,21.10192,20.814855,0.05073562,0.7898471,0.062435525,17.38971853163123,1468,202,330,0.976,0.9694373618901921,0.9429021273433922,0.9905035028353177,0.9918256130790191,1.0,0.8909090909090909,0.9694875000000001,0.9825,0.9607030984189121,0.9779050993647321,0.9272385596328725,0.9584682208544735,0.9870572207084468,0.9959128065395095,1.0,1.0,0.8575757575757575,0.9242424242424242
F4,Random Forest,5,Q5,6000,0,1,Low,2000,21.10218,21.88173,21.298765000000003,0.0381593,0.07097679,0.058474265,18.56776159353842,120,407,1473,0.8185,0.6435120163738369,0.5459040525643494,0.9081096278868328,0.675,0.3955773955773956,0.9470468431771895,0.805,0.8325,0.6138170330292542,0.6706674171282945,0.508928606213065,0.5818930362617186,0.5833333333333334,0.7583333333333333,0.3488943488943489,0.44226044226044225,0.9361846571622539,0.9585879158180584
F7,LightGBM,5,Q5,6000,0,1,Low,2000,21.10218,21.88173,21.298765000000003,0.0381593,0.07097679,0.058474265,18.56776159353842,120,407,1473,0.9885,0.9653203811265411,0.9721030066827507,0.9981518426858423,0.9,1.0,0.9925322471147319,0.9835,0.993,0.9502422859641676,0.9784803293371916,0.9599149441501541,0.9829865998474574,0.8416666666666667,0.95,1.0,1.0,0.9877800407331976,0.9966055668703326
F4,Random Forest,5,Q5,6000,0,2,Medium,2000,21.10244,22.32657,21.611535,0.07098865,0.1059293,0.085644655,12.677220849925241,530,328,1142,0.812,0.7303621048075479,0.6686806281767067,0.9138364564240149,0.8075471698113208,0.4176829268292683,0.9273204903677759,0.797,0.8275,0.7062417306037951,0.7534188045562061,0.6424644551466105,0.6960385564630235,0.7735849056603774,0.839622641509434,0.3628048780487805,0.4725609756097561,0.9115586690017513,0.9422066549912435
F7,LightGBM,5,Q5,6000,0,2,Medium,2000,21.10244,22.32657,21.611535,0.07098865,0.1059293,0.085644655,12.677220849925241,530,328,1142,0.962,0.9653199320328308,0.9345771889453439,0.9958761147389884,0.9452830188679245,1.0,0.9588441330998249,0.9539875,0.97,0.9579761142380154,0.972594964796523,0.9207000957015365,0.948326341874703,0.9245283018867925,0.9641509433962264,1.0,1.0,0.9474605954465849,0.9702276707530648
F4,Random Forest,5,Q5,6000,0,3,High,2000,21.10389,30.06234,21.996585000000003,0.1059431,4.553548,0.1454549,7.464418772055837,1189,389,422,0.805,0.7732350232177367,0.6556203319915844,0.9065718320875037,0.8511354079058032,0.7223650385604113,0.7511848341232228,0.7879875000000001,0.8210124999999999,0.7529927054399249,0.7920485052516254,0.6258631847113377,0.6840214405148369,0.830950378469302,0.8704793944491169,0.6760282776349614,0.7660668380462725,0.7085308056872038,0.7890995260663507
F7,LightGBM,5,Q5,6000,0,3,High,2000,21.10389,30.06234,21.996585000000003,0.1059431,4.553548,0.1454549,7.464418772055837,1189,389,422,0.9575,0.953625120897957,0.9243409454957178,0.9871814447880335,0.9739276703111859,1.0,0.8720379146919431,0.949,0.9655,0.9440184209785691,0.9626305817714793,0.9091458328565057,0.9387155047685263,0.9646761984861227,0.9831791421362489,1.0,1.0,0.8412322274881516,0.9052132701421801
